EID,EName,Gender,Role,Birth,Phone
1,Issiah Penniall,F,Pharmacist,9/20/1998,605-159-1952
2,Swen Bilofsky,F,Pharmacist,11/1/2002,331-235-4921
3,Evvy Worsam,M,Pharmacist,2/11/1992,632-211-6453
4,Ileane Riggoll,F,Pharmacist,6/10/1995,859-629-4683
5,Erik Bartosiak,F,Pharmacist,8/25/2001,325-708-0218
6,Terri Bastide,F,Pharmacist,2/9/1995,865-117-5515
7,Granville Burborough,F,Pharmacist,8/27/1996,435-646-2365
8,Dee dee Skain,F,Pharmacist,1/25/2001,660-791-3598
9,Dukie Brailey,M,Pharmacist,5/1/1993,388-882-8520
10,Marc Killbey,F,Pharmacist,3/21/1992,200-718-6071
11,Greer Hancox,F,Pharmacist,3/31/1994,760-735-1851
12,Shel St Ange,M,Pharmacist,10/19/1993,480-932-4738
13,Bartolemo ffrench Beytagh,F,Pharmacist,3/27/1996,573-703-4427
14,Dwight Le Marquand,M,Pharmacist,10/8/1998,842-859-8009
15,Madelin Winterscale,F,Pharmacist,11/27/2002,829-203-6574
16,Shaine Semarke,F,Pharmacist,10/8/2004,810-850-1498
17,Claudio Donegan,M,Pharmacist,10/10/1998,636-826-3024
18,Warner Bartolomucci,F,Pharmacist,7/8/2000,367-716-8420
19,Dorita Toffanelli,M,Pharmacist,7/9/1997,795-316-7138
20,Worth Soaper,M,Pharmacist,4/27/1994,918-685-9045
